Exhausted ,Εξαντλημένος
Give sb a ride,Πηγαίνω κπ κάπου με αμάξι
Accompany,Συνοδεύω
Schedule,Προγραμματίζω 
Unpleasant,Δυσάρεστος
Turbulence,Αναταράξεις
Envelope,Φάκελος
Permission,Άδεια
Be keen on,Μου αρέσει
Broken-down,Χαλασμένος
Petrol station,Βενζινάδικο
(Roadside) assistance,(Οδική) βοήθεια
Be sick of,"Βαρέθηκα, κουράστηκα"
Work overtime,Κάνω υπερωρίες
Be given the sack,Απολύομαι
Dressed to kill,Ντυμένος “στην τρίχα”
Occasion,Περίσταση
The life and soul of the party,“Η ψυχή του πάρτι”
Blush,Κοκκινίζω
Outgoing,"Κοινωνικός, εξωστρεφής"
Smooth,"Ήρεμος, ομαλός"
Pour down,Βρέχω καταρρακτωδώς
Get drenched ,Γίνομαι μούσκεμα 
Charge,Χρεώνω
Speeding ticket ,Κλήση για υπερβολική ταχύτητα
Reckless,"Απερίσκεπτος, ριψοκίνδυνος"
Flop,Αποτυχία
Favourable,Ευνοϊκός
Be up for,Έχω όρεξη για
Couch potato,Τεμπέλης
On hold,Σε αναμονή
Carry-on bag,Χειραποσκευή
Baggage sizer,Μετρητής διαστάσεων χειραποσκευής
Handle,Χερούλι
Wheel, Ρόδα
Irritated,Εκνευρισμένος
Drop out of ,"Παρατάω (σπουδές, σχολείο)"
Dorm,Φοιτητική εστία
On campus,Στο χώρο του πανεπιστημίου
Be worthy of ,Αξίζω
Duty,"Υποχρέωση, καθήκον"
Exceed,"Ξεπερνώ, υπερβαίνω"
Restriction,Περιορισμός
Ridiculous,Γελοίος
Determined,Αποφασισμένος
I bet,Είμαι σίγουρος
Drive,Διαδρομή με αυτοκίνητο
Deserve,Αξίζω
In the meantime,Εν τω μεταξύ
Be/get acquainted with,Εξοικειώνομαι με
Requirement," Ανάγκη, απαίτηση"
Call of sth,"Απαιτώ, επιβάλλω κτ"
Deforestation,Αποψίλωση
Factor,"Παράγοντας, αιτία"
Fuel,Καύσιμο
Conversion,Μετατροπή
Rapidly,"Ραγδαία, ταχύτατα"
Hospitable,"Ευνοϊκός, φιλόξενος"
Severe,"Σοβαρός, σφοδρός"
Loss,Απώλεια
Undeniable,Αδιαμφισβήτητος
Rate,Ρυθμός
Affect,Επηρεάζω
Drive (sth) to,Οδηγώ/ωθώ (κτ) σε 
Extinction,"Εξάλειψη, εξαφάνιση"
Growth,Αύξηση
Cattle,Βοοειδή
Grazing,Βοσκή
Housing,"Κατοικίες, σπίτια"
Destruction ,Καταστροφή
Absorb,Απορροφώ
Greenhouse gas ,Αέριο θερμοκηπίου 
Pollutant,Ρύπος
Forest clearance,Αποψίλωση
Natural habitat,Φυσικό περιβάλλον
Force,Εξαναγκάζω
Landscape,"Περιοχή, τοπίο"
Occupy,Καταλαμβάνω
Unbearable ,Αφόρητος
Placebo,Εικονικό φάρμακο
Subject,"Συμμετέχων σε πείραμα, υποκείμενο"
Medical trial ,"Ιατρική δοκιμή, πείραμα "
Inactive,Αδρανής
Ineffective,Μη αποτελεσματικός
Substance ,Ουσία
Document,"Καταγράφω, τεκμηριώνω"
Reverse,"Αντίστροφος, αντίθετος"
Dummy,Ψεύτικος
Stimulus,Ερέθισμα
Psychogenic ,Ψυχογενής
Occur,"Εμφανίζομαι, συμβαίνω"
Component,Συστατικό στοιχείο
Assume,"Υποθέτω, εικάζω"
Drug ,Φάρμακο
Physiological,Σχετικός με την φυσιολογία
Impotent,"Ανίσχυρος, αδύναμος"
Rash ,Εξάνθημα
Complaint,Πάθηση
Ills,"Συμφορές, δεινά"
Intolerance,Δυσανεξία
Intense ,Έντονος
Wind farm,Αιολική φάρμα
Restrict to,Περιορίζω σε 
Reassurance,Καθησύχαση
Recovery,Ανάρρωση
Reveal ,Αποκαλύπτω
Side effect,Παρενέργεια
Mere,Απλός
Profound,"Σημαντικός, ουσιαστικός"
Viral,Που εξαπλώνεται γρήγορα
Brace yourself for sth,Προετοιμάσου για κτ δυσάρεστο
Agent,Παράγοντας
Detrimental,"Επιβλαβής, καταστροφικός"
Highlight,Επισημαίνω
Defect,"Ελάττωμα, ατέλεια"
Companion,"Σύντροφος, φίλος"
Attached to,Προσκολλημένος σε 
Hold,Διοργανώνω 
Funeal,Κηδεία
Irrational,Παράλογος
Tendency,Τάση
Assign,Αποδίδω
Living being,Έμβιο ον
Eagerness,Επιθυμία
Exploit,"Εκμεταλλεύομαι, αξιοποιώ"
Movie quote,Ατάκα από ταινία
Attribute ,Χαρακτηριστικό
Work sth out ,"Καταλαβαίνω, αντιλαμβάνομαι κτ"
Concern,Ανυσυχία
Legal,Νόμιμος
Moral,Ηθικός
Self-aware,Που έχει αυτεπίγνωση
Grant,"Παρέχω, χορηγώ"
Procreate,Τεκνοποιώ
Reproduce,"Αναπαράγω, -ομαι"
Outnumber ,Ξεπερνώ σε αριθμό
Outvote ,Ξεπερνώ σε ψήφους
Collapse ,"Προκαλώ κατάρρευση, καταστρέφω"
Resentment ,"Πικρία, μίσος, κακία"
Rise up ,Εξεγείρομαι
Ultimate,"Απόλυτος, υπέρτατος"
Inherently,Έμφυτα
Fit in ,Ταιράζω
Obsolete,"Ξεπερασμένος, απαραχαιωμένος"
Quaint,Γραφικός
Standpoint,Άποψη
Aptitude ,"Κλίση, έφεση"
Qualified ,Καταρτισμένος
Deadline,Προθεσμία
Restore,"Αποκαθιστώ, επαναφέρω κτ σε καλή κατάσταση"
Value,Εκτιμώ
Rehearse,Κάνω πρόβα
Turn in,Πηγαίνω για ύπνο
Cut sth off,"Αποκόπτω, κόβω κτ"
Self-centred,Εγωκεντρικός
As well as ,Εκτός του ότι
Toddler,Νήπιο
Observe ,Παρατηρώ
Gentle,"Ευγενικός, καλόκαρδος"
Comb,Χτενίζω
Germ,Μικρόβιο
Immune system ,Ανοσοποιητικό σύστημα
Valnerable,Ευάλωτος
